{
    "4096": {
        "base": [
            0.003620105485121409,
            151.86182174731923,
            66.0009765625
        ],
        "0.03125": [
            0.0039078338278664485,
            140.68954225700256,
            66.50146484375
        ],
        "0.125": [
            0.0030711743566724987,
            179.03988186053695,
            66.50146484375
        ],
        "0.21875": [
            0.002811196943124135,
            195.60814524205682,
            66.50146484375
        ],
        "0.3125": [
            0.0025287614928351508,
            217.40819178869515,
            66.50146484375
        ],
        "0.40625": [
            0.002254639565944672,
            243.84452471186376,
            66.50146484375
        ],
        "0.5": [
            0.001952220830652449,
            281.61178679258103,
            66.50146484375
        ],
        "0.625": [
            0.0016000260081556108,
            343.5996146366463,
            66.50146484375
        ],
        "0.71875": [
            0.001337964915566974,
            410.8964928281951,
            66.50146484375
        ],
        "0.8125": [
            0.001080522851811515,
            508.8007750232471,
            66.50146484375
        ],
        "0.90625": [
            0.000824470404121611,
            666.7990700935047,
            66.50146484375
        ]
    }
}