{
    "1024": {
        "base": [
            5.874062577883403e-05,
            73.11749303065142,
            2.0634765625
        ],
        "0.125": [
            0.0004209742777877384,
            10.234021364751403,
            2.06787109375
        ],
        "0.25": [
            0.00041049164202478194,
            10.463017374967409,
            2.06787109375
        ],
        "0.375": [
            0.00040631385313140027,
            10.570863182664405,
            2.06787109375
        ],
        "0.5": [
            0.0004088810748524136,
            10.504272171424411,
            2.06787109375
        ],
        "0.625": [
            0.00040536829166942166,
            10.595741199995652,
            2.06787109375
        ],
        "0.75": [
            0.00040602626072035896,
            10.578073152468695,
            2.06787109375
        ],
        "0.875": [
            0.00040708581606547036,
            10.550569269692241,
            2.06787109375
        ]
    }
}